entropy,mean_T,std_T,mean_T1,std_T1,mean_T2,std_T2,mean_RTR,std_RTR,mean_A1,std_A1,mean_RPR,std_RPR,mean_H1,std_H1,mean_A2,std_A2,mean_H2,std_H2,mean_RAR,std_RAR,mean_A,std_A,mean_amplitude,std_amplitude,TimeDuration,Energy,BandWidth,TBP,IBI,HR,SDNN,RMSSD,pNN20,pNN50,SD1,SD2,S
0.802333783049728,35.11538461538461,1.8256068132778183,1.0076300715585547,0.1518116278822749,1.098920065441088,0.08849091697753927,92981.84105570933,17400.857063326926,100246.29156275792,20657.66031470817,5717.8930660776305,891.1145007115169,38.46153846153846,1.8652854850741754,73.57692307692308,2.356220521922554,5711.658306016283,970.7284610727653,193228.13261846727,31580.88667678597,1.099496971728676,0.2411298150881877,33.40738299368574,2097.4428090498423,19.13,88007647.80946758,0.013322193129136092,0.25485355456037345,735.7692307692307,81.54730789336122,30.277317852335614,47.45524207081869,0.48,0.32,33.55473141004112,27.349588662354694,2883.0650305675304
0.9031096633076773,34.88461538461539,1.6484706916720644,1.0045041405378163,0.14197576705607007,1.1152106691386876,0.08650368970240165,94816.99229788076,17165.520677470864,103772.57462071245,22333.503718195767,5894.902482271417,1015.889968619072,38.80769230769231,2.2191341133464086,73.6923076923077,2.6857061923224754,5879.226854359618,1072.6021365640152,198589.5669185932,35428.87056295729,1.104902872822796,0.20558530066812047,-64.91113003235601,2245.1566936591785,19.16,100898840.67769384,0.01306699630744961,0.2503636492507345,737.6923076923077,81.33472367049009,29.39226642237354,43.174066289845804,0.44,0.24,30.50770394506935,28.133965237769118,2696.437401190715
0.8511247342157774,34.69230769230769,1.611717449212074,1.0078139967380737,0.11627594208681981,1.1345974302533899,0.08225639540959903,103642.16507057023,19665.843984812473,115732.45365260959,26220.88059700186,6460.0126510580785,1206.9721091338333,39.26923076923077,2.0672853308271826,73.96153846153847,2.5188637430819907,6481.650966918951,1266.398798752524,219374.61872317982,42479.512913958584,1.1234099124014234,0.18114732249496573,36.12479539141205,2345.860058377476,19.23,110087288.28665693,0.013481970299310064,0.25925828885573254,741.1538461538462,80.9548521017125,29.26364547942655,46.51881339845203,0.48,0.32,32.882822263303375,26.039969278015683,2690.044257740914
0.9203009775994395,35.0,1.848422751068236,1.0018294318709509,0.1198315438629728,1.1442124553884658,0.0884165062412762,114611.20939052357,17163.10384543703,127381.3110189855,22303.477416635156,7108.232200954641,979.1944945109719,39.916666666666664,1.8911342863183696,74.91666666666667,2.253084305765962,7074.102733508541,990.9392067355576,241992.52040950907,32935.67408820188,1.1234165494489543,0.19682958991815577,-21.813551889766504,2492.6926915403938,19.44,124279853.71009883,0.013267567459887022,0.2579215114202037,746.5217391304348,80.3727431566686,22.957180491207104,37.05033431329969,0.4090909090909091,0.22727272727272727,26.166978117498644,18.796430116486672,1545.179075151972
0.9369317532082472,34.56,0.8979977728257459,0.9860913945856279,0.11688584140058364,1.1527457587457588,0.07837186215234196,116578.60849947613,10816.560325730989,129598.45412613379,21528.64611235402,7305.617877932113,656.8490476419316,39.8,2.3151673805580453,74.36,2.2957351763650786,7182.369443917789,912.1952740844124,246177.0626256099,25378.07350816674,1.1187186554233255,0.1930971202813357,38.883705241216944,2607.805156372912,18.59,136043193.52276865,0.013356892949989931,0.24830463994031282,745.3846153846154,80.49535603715171,24.531105721695344,39.949968710876355,0.4,0.28,28.179425118337665,18.85948037460206,1669.5972637180398
0.9323671376818673,34.15384615384615,0.8634593969478327,1.003905902168212,0.1046417508607432,1.1710967341482046,0.06761295126381255,115006.05605094536,11963.455383146305,132180.78776027614,18686.5827286803,7281.201614658833,689.026453681682,39.96153846153846,1.8704332947365891,74.11538461538461,1.8877524910473886,7279.253552662419,772.2714609599718,247186.84381122145,24483.273193974357,1.158225162063282,0.1820707727090174,15.95266181875064,2589.230055196755,19.27,134087335.32306588,0.013539806407784459,0.2609120694780065,741.6,80.90614886731392,20.529003872570144,32.977264895682296,0.4583333333333333,0.08333333333333333,23.27186844907626,16.684885875146627,1219.8442022314912
0.8585519339292385,34.28,0.8255906976220118,1.0034912030434915,0.10347887448880608,1.1592839868133986,0.06320816648010838,108839.54853409447,15241.425795948839,124780.11003148125,24030.51621499432,6890.048383176266,898.9989666147566,39.72,1.9903768487399567,74.0,2.1908902300206643,6909.45614714004,1103.580318859424,233619.65856557575,36442.22758389736,1.1469909550958315,0.1606244515700214,5.557343966947814,2501.1696960828976,18.5,125117614.65350765,0.013472060947124638,0.24923312752180582,742.6923076923077,80.78715691351631,24.58230950965353,33.406586176980134,0.44,0.08,23.57965224510319,22.360679774997916,1656.4268844421858
0.9554742918793259,34.53846153846154,1.1512791959304434,1.0147167671214996,0.12707821297921287,1.1391184576169093,0.08434218288345839,100759.64750514833,14611.828497066746,114214.3730144964,21947.34420473958,6357.2073901022195,929.0087482100112,39.26923076923077,2.1041660563984506,73.8076923076923,1.860918523600453,6407.480855682763,972.6386058600743,214974.0205196447,32166.16577006799,1.1421136793323532,0.2026726504716307,59.688073059877404,2354.029342845946,19.19,110900336.26090631,0.013392203522242794,0.25699638559183924,737.6923076923077,81.33472367049009,23.584168795009063,38.31448812133603,0.6,0.08,27.055498516937362,19.295595352307757,1640.0745754291638
0.9118776584881669,34.65384615384615,1.859327994657203,1.0262758269490961,0.21231374749554263,1.1181468070818523,0.11287721353125119,92486.31962552128,17292.383341850036,104072.92689081661,31738.702098793307,5796.913204831041,979.0575451017129,38.61538461538461,2.9881422460853893,73.26923076923077,3.288180374844846,5887.208603920765,1377.6787090099604,196559.2465163379,40272.81138178192,1.1478482810551252,0.35270172025598023,-97.82965028838892,2353.6561066454265,19.05,110985354.17649712,0.012495563695826757,0.23804048840549974,731.1538461538462,82.06207259337191,21.896069734600434,37.416573867739416,0.64,0.04,26.451464987784696,17.003529045465854,1412.988640117907
0.20162839735786198,34.88,1.84,1.0444179093763446,0.25364840885654194,1.1005489522517387,0.08997366041957873,96966.93159904944,36805.60986365182,108759.16020660735,54106.16597321586,5956.571967927424,1850.1775118558862,38.28,2.3583044756773877,73.16,3.015692291995322,6090.967988928315,2337.9073921141157,205726.0918056568,74607.87634427771,1.1547775411945567,0.3584918736956085,24.729456248164013,2340.333097279249,18.96,109555411.04454026,0.013075080783629142,0.24790353165760853,729.5652173913044,82.24076281287246,28.35769366803535,47.358812726430784,0.7619047619047619,0.14285714285714285,33.48604474618888,22.63282788250697,2380.9624523217635
0.20162839735786198,35.0,2.039607805437114,1.0291966928081426,0.2799092168239393,1.0886213291236513,0.09774867400592314,95740.82732566903,37217.979763628704,103271.88111931819,54452.38337061661,5824.8438801621405,1838.7592060806535,37.96,2.3576259245266202,72.96,3.0130383336426374,5836.890519154628,2356.7515067255304,199012.70844498725,73618.13841980358,1.12492852786115,0.3980248909790485,11.998359269959234,2333.385322815852,18.92,108896620.50715216,0.012889325857411761,0.24386604522223054,731.304347826087,82.04518430439953,31.664593836579346,52.09880722517277,0.7142857142857143,0.23809523809523808,36.6171589085037,24.775637217768722,2850.095094246161
0.20162839735786198,34.76,2.371160053644629,1.0461044479969261,0.27815003726107157,1.100990987634123,0.10164394014021295,93877.01840849088,38395.51549533183,104732.30252272642,54626.82609506371,5762.162442745222,1894.407162753715,38.08,2.0575713839378693,72.84,3.1455365202139998,5865.761355413125,2380.446256704292,198609.32093121734,75731.48784425795,1.1664383051632776,0.3970064984692141,4.138861031551281,2278.784555604872,18.89,103857523.62067863,0.013002781967922332,0.24562255137405287,726.0869565217391,82.63473053892216,29.88952563877776,49.52152009360125,0.6190476190476191,0.19047619047619047,35.01538372638045,23.795233806950463,2617.572619557992
0.20162839735786198,34.0,2.4178820993079553,1.0561937588692731,0.28260612796625284,1.1265841846642517,0.10242699683553078,90122.67023337662,38428.862689415866,102722.49327911032,54037.12924811257,5607.421912849397,1895.485518324406,38.11538461538461,2.154189533067761,72.11538461538461,3.3549839283912095,5745.930495489484,2350.79416959675,192845.1635124869,75429.0339166956,1.2021782129596166,0.4255377859920823,17.275980495267742,2235.2845246196116,19.43,99935907.3101199,0.013129037862248559,0.2550972056634895,720.8695652173913,83.23281061519904,32.02078719916864,51.731909651495336,0.5714285714285714,0.2857142857142857,36.55517992211667,28.02250472343715,3218.1460472834456
0.19596673160610403,33.96,2.106751053162191,1.0381031767281588,0.19242054056235416,1.125713006045299,0.0761620019515866,81209.88596101502,16594.39116640432,91847.52453930411,20432.174984481007,5149.775149763425,849.0685942867527,38.12,1.9456618411224496,72.08,3.2609201155502108,5267.651377764906,959.206824767248,173057.41050031915,29868.532933367882,1.1625068213777614,0.2876609383576297,73.56955987400268,2172.607783124696,18.67,94512741.18868122,0.012671046084598136,0.23656843039944722,718.75,83.47826086956522,28.622907492659326,42.93574572392525,0.5652173913043478,0.17391304347826086,30.335240943499834,27.318744473747856,2603.5028500702806
0.9575109456924427,34.111111111111114,2.3306863292670035,1.0205120012746938,0.18034060647484068,1.1068814840137815,0.07821356928219524,78164.18369857993,17647.379503788634,84913.95542067115,17825.780917311087,4938.048200337736,910.8362823676591,37.629629629629626,1.9654072831735705,71.74074074074075,3.5128609485568525,4941.3101864254695,819.3561690160303,163078.13911925105,29055.31984290487,1.1239795923865386,0.27302816430844995,21.375237790298875,1813.8605934279917,19.37,65810943.06363075,0.013738247847263905,0.26610986080150184,717.6923076923077,83.60128617363344,30.92269421883351,44.94441010848846,0.64,0.24,31.627835841233267,27.064367718459646,2689.1636625196475
0.8567421349272468,33.925925925925924,2.448369463857542,1.0226925408828245,0.21796553632289356,1.096179118276156,0.08586216782182225,74516.04513278572,17065.0907199589,79233.32222641874,15924.228600449238,4720.5962911217,876.3052836979033,37.03703703703704,2.0634649299532026,70.96296296296296,3.636048745562928,4683.99797287208,729.9113587712444,153749.36735920445,24981.033189980517,1.1224904490611234,0.3374988337724528,-5.335071999502415,1728.899418856656,19.16,59782433.27032245,0.013816373982714176,0.26472172550880363,710.7407407407408,84.41896821261074,28.793765519373054,43.54484867528932,0.6153846153846154,0.23076923076923078,30.78965668174755,27.75766859230929,2684.9592907380184
0.9306260454575033,34.148148148148145,2.4900350094772756,1.0127659259351145,0.23318566408872612,1.0624128925026646,0.08742017380803146,72226.39999854755,16669.649125979464,74985.21163333456,17859.689508147923,4562.588247266206,871.9606800184297,36.148148148148145,2.4601069489504614,70.29629629629629,4.080802524693132,4492.151336926771,844.6908007837958,147211.61163188212,27505.915764567268,1.0931703028817594,0.35661188850039993,17.165101502228147,1710.1582360524992,18.98,58498716.660955556,0.0137849470880038,0.2616382957303121,705.5555555555555,85.03937007874016,30.71172213574501,43.50066312491906,0.5769230769230769,0.19230769230769232,30.74037108105859,31.31251144161174,3023.96583635879
0.8792753477340904,34.592592592592595,2.6840993973323615,1.026750349066822,0.21824508971767925,1.0508511998009036,0.0891917815139643,74306.81006432137,19777.392009560936,76949.56608969907,17483.101601712442,4659.714602400973,1014.2608460330431,36.18518518518518,2.3418422162277386,70.77777777777777,4.003085229922626,4647.05050113063,893.3328279652827,151256.37615402046,31181.16579002745,1.0951595385256232,0.3355609743035832,28.073211292336534,1754.3254602165298,19.11,61568918.511124074,0.01363769763832902,0.2606164018684676,705.5555555555555,85.03937007874016,31.19037521692933,43.279058712926314,0.5769230769230769,0.19230769230769232,30.572689595657526,32.04679455764834,3077.996459026355
0.8296359205478286,33.75,2.516020099851578,1.032266482356038,0.21483876255054565,1.0717094972389982,0.087830491799483,78746.78343105699,20516.946560089313,84296.61455891568,22676.137123724657,5051.4033457105925,1242.5846599098995,36.035714285714285,2.427258048220885,69.78571428571429,4.108850576648473,5077.565648489012,1139.2879670270195,163043.39798997267,38558.21465783712,1.1146126384662438,0.3272789152607928,-45.262860437446896,1913.7751229052367,19.54,73291678.95171866,0.013862904015013442,0.27088114445336264,696.2962962962963,86.17021276595744,29.331836849219748,40.99718564449554,0.5384615384615384,0.15384615384615385,28.926810315511553,29.191522235303196,2652.8162120421557
0.9209846210547243,36.23076923076923,12.698599838951635,0.9737038072606727,0.16498853474421984,1.0426625604786302,0.1892519039328516,96815.84211378709,46054.54918676727,90783.5383002116,28490.429808198245,5629.254140770127,1263.2221110394437,35.53846153846154,4.226571343943432,71.76923076923077,9.660815749549599,5461.313164313828,1419.3446221199947,187599.38041399868,51041.803650767586,1.0252318308425847,0.27684306543963005,38.76428275612696,2109.513353543028,18.82,89030985.16787903,0.013804799011375398,0.259806317394085,700.0,85.71428571428571,29.398736610366683,36.05551275463989,0.4074074074074074,0.1111111111111111,25.46144776636624,31.657460216826824,2532.264327037417
0.8665884643062185,33.44444444444444,1.6629588385661962,1.0032376238145073,0.1305780214000967,1.1067049861861746,0.08339620837872294,90852.75927578883,19144.919998210018,99884.02178844124,25952.705455611005,5886.060877503175,1215.4500416720157,36.96296296296296,2.7145899558235107,70.4074074074074,3.5721065396087366,5862.6638781706215,1248.2665558503686,190736.78106423008,43145.93652590996,1.1022647814935964,0.19119212322632034,24.485089711225978,2129.553949643587,19.01,90711990.88121538,0.01411095849246407,0.268249320941742,703.3333333333334,85.30805687203791,26.80519573736627,32.16543773393088,0.38461538461538464,0.07692307692307693,22.72976048783443,30.770432668833536,2197.2442422532527
0.8701864078792428,33.333333333333336,1.3052600138300812,1.0011505483563499,0.08374695341135094,1.1195502755788966,0.06489236769483196,94625.78209983435,13896.264723855506,104816.8172897788,19659.44074326353,6142.86166648055,857.964954252228,37.2962962962963,2.2740861382235193,70.62962962962963,3.0325169615494403,6131.450854894198,893.120051293776,199442.59938961317,31641.343403603714,1.1086439269062869,0.13018600639003802,-20.87407528730396,2195.6335877592855,19.07,96424851.57431625,0.014120370647029609,0.2692754682388546,708.8888888888889,84.63949843260188,22.49828525701843,23.03842943364913,0.34615384615384615,0.0,16.25426662239649,27.299565421254385,1394.0327784114575
0.951110498267026,33.148148148148145,1.3798471118664561,1.0232292956730424,0.12580372045052104,1.1524217403328725,0.07380787337877141,93982.86636079477,13393.319215171685,108959.2240454179,22024.635665042173,6119.571020263667,777.1289497386255,38.148148148148145,2.0674497388078312,71.29629629629629,2.677959627040773,6248.590979921422,1030.1902560005751,202942.09040621264,30968.20817952094,1.1670076220118284,0.2181723915252869,-80.7610365541625,2279.1051403347,19.25,104016851.71450715,0.013644649323581873,0.26265949947895106,710.7407407407408,84.41896821261074,19.986277871454877,24.01922307076307,0.3076923076923077,0.0,16.975443454395315,21.400658066528532,1141.2955634228858
0.7650060726771428,33.333333333333336,0.9428090415820634,1.007637239835258,0.09396453338688332,1.1463110746633833,0.061632810698215905,92251.42979992552,11872.67540475736,104175.37528780222,14503.30133536974,5967.102773522591,684.3894179397685,38.18518518518518,1.8863454189995323,71.51851851851852,2.200511226298215,5983.871067614323,662.3274369319231,196426.8050877277,23082.179701961133,1.1389662329007804,0.15751664950135175,46.50173891721596,2185.4304000691336,19.31,95565368.90537317,0.013892671490746694,0.26826748648631865,715.0,83.91608391608392,18.656819747130623,25.219040425836983,0.28,0.0,17.830311270418132,19.891706814650146,1114.2453929323506
0.781839397493984,33.42307692307692,1.472127631461895,1.0076119351993322,0.10541143586904575,1.1328059159251687,0.06464000747885434,88312.80279549408,11592.135674390915,98159.00969918408,12816.916437610587,5683.235425903378,580.8701921101134,37.80769230769231,1.8191128600593027,71.23076923076923,2.5314588726006666,5693.0552169059,569.9216980120945,186471.81249467822,19713.19097434504,1.1254707047017556,0.17487623158586083,11.28393818097957,2053.2241826662066,18.52,84317137.43092369,0.013970917551075287,0.2587413930459143,712.5925925925926,84.1995841995842,16.687230112694532,24.49489742783178,0.2692307692307692,0.0,17.31196528450292,16.435277399401134,893.8677814591134
0.8997598005436133,33.51851851851852,1.4496582067245132,1.0085676330741595,0.10799843148678884,1.1110340710448763,0.06739181142961699,85256.8560906563,11568.725452144014,93068.25777203079,13730.210676085104,5463.641220547177,603.112898365667,37.18518518518518,1.8863454189995323,70.70370370370371,2.550451155657307,5480.5726949696,617.709580271912,178325.11386268705,21375.485984695322,1.1030400075426687,0.1714091118549214,-17.63596584309239,1965.2881472052936,19.09,77253370.57673667,0.014082033246076065,0.2688260146675921,707.0370370370371,84.86118386589837,19.965676995471934,26.53009901689313,0.3076923076923077,0.0,18.757641440917762,21.656612748526594,1276.1996858844552
0.9173601644983196,33.46153846153846,1.4204757932784147,1.0004125918942528,0.13599426069088488,1.0959099546089583,0.07195754004559343,85313.37562596441,14548.969514736755,91071.05280654762,14126.994257872417,5466.190757485218,783.4281286810412,36.61538461538461,2.020603928702107,70.07692307692308,2.5858055867648635,5398.32982825206,626.5136135879197,176384.42843251207,22703.838429167048,1.0886501888470328,0.1994361173229876,21.978926065367784,1962.3135520597475,18.22,77023150.9957666,0.014066261425056443,0.25628728316452837,702.2222222222222,85.44303797468355,21.48786622868191,29.22064602034243,0.3076923076923077,0.07692307692307693,20.654956280150078,21.510971467860855,1395.8352991766023
0.6999944378449844,37.76923076923077,15.437984355049256,0.9776090522072397,0.17382764751417842,1.0254079295574943,0.24199810188503557,108199.11282952092,76640.1384351624,89914.84554971039,19878.093246376433,5668.066146816944,851.2379265679876,35.11538461538461,4.8542362393537895,72.88461538461539,11.385979647987199,5449.497485820054,866.2311757245676,198113.95837923134,69478.74691502895,1.0139880680447424,0.3158558085653581,-48.6982411926191,2051.249010256016,19.35,84199880.41543081,0.013794622261746244,0.2669259407647898,690.0,86.95652173913044,38.63750953228149,59.93823981893856,0.5185185185185185,0.2222222222222222,42.36978761578007,35.534330084306724,4729.92540945393
0.7147235102393429,35.03703703703704,10.881453747790086,0.986165621000272,0.25048242932716164,1.0382718221019402,0.17450396534784438,92271.63349093834,65001.665938755716,82995.71130760356,24141.908149053208,5249.132465175829,988.3464623580095,34.629629629629626,3.762860891004079,69.66666666666667,8.593710016742003,5057.562741883389,1138.1311751247808,175267.3447985419,64934.296729530055,1.0459493291832669,0.38481492168687975,36.956068488421415,1968.0562774144248,19.01,77492225.24136887,0.013891579614612872,0.2640789284737907,680.0,88.23529411764706,37.69203702604057,58.52349955359813,0.5,0.21428571428571427,41.37542773686048,34.60694014388514,4498.37411047427
0.668588211508741,34.77777777777778,10.938661754879083,1.0046375995106875,0.2536920382100416,1.0505548492160341,0.17806766746381927,90093.6809249472,65315.109781019164,83068.06773020273,23504.29959155216,5162.114627730347,978.9238292500798,34.74074074074074,3.747518612041767,69.51851851851852,8.590996020254428,5061.5005950685,1120.626729057472,173161.74865514992,64814.477424189645,1.079848545032443,0.3946066274422049,19.2787973462101,1909.9078311218132,18.97,72962391.90815088,0.014055516679731015,0.26663315141449734,677.1428571428571,88.60759493670886,36.23900255418806,59.192091563854234,0.5185185185185185,0.2222222222222222,41.85185185185185,30.40422683776378,3997.59244847792
0.28470078555466793,34.666666666666664,10.961211071234246,1.0000142747704885,0.25009239527797544,1.0688072031749558,0.18371582909439088,90976.56178348762,65072.14086890199,84288.06244800921,24913.903545319055,5235.926384706911,1032.2187694555546,35.25925925925926,4.410363154549391,69.92592592592592,8.981156924261859,5112.8831541089085,1164.9932790321213,175264.62423149683,65727.97602959539,1.0789266559894466,0.389028362282731,-18.901325642312134,1926.5154915245903,19.62,74236383.9839054,0.013936646023646219,0.2734369949839388,676.4,88.70490833826139,37.40374312819507,61.96071686788822,0.5652173913043478,0.21739130434782608,43.80313408610844,31.754016759148207,4369.721187580048
0.28470078555466793,32.77777777777778,1.8324913891634045,1.0326045059226767,0.25294213772912066,1.1165358158176522,0.09078852394689675,80671.05508655537,18092.909071722977,91030.89432359136,29789.181397945515,5281.700310864339,1040.3872806362951,36.592592592592595,3.572106539608736,69.37037037037037,4.862160380584899,5369.663816022891,1378.0588276559154,171701.9494101467,40327.6977117481,1.154730548681609,0.383577427434166,-72.04948544946072,2051.261260112004,19.27,84257277.71179636,0.013545244268965162,0.2610168570629587,687.6,87.26003490401396,36.8,36.71275101319052,0.5217391304347826,0.08695652173913043,25.84306278558883,45.6563145120192,3706.7620382089995
0.35634557361078867,33.5,1.781313257986063,1.0207661685591964,0.17390245149375397,1.1257671586715703,0.08013874692298176,83917.87251224805,19728.319247919655,93677.00971114133,25034.980182467883,5433.362791397365,1131.8192540308858,37.73076923076923,3.600829950353244,71.23076923076923,4.979246871594541,5453.292360094869,1086.8946311605835,177594.88222338937,40790.906611563936,1.1384150266461708,0.2648010848019812,-41.94353408950518,2003.4665743443798,19.06,80312751.49134243,0.013672851255481514,0.26060454492947766,710.4166666666666,84.45747800586511,41.07707863138381,27.052138211575475,0.45454545454545453,0.0,18.79917793173656,54.76942653200441,3234.6472393252216
0.3661402897531312,33.96153846153846,1.6979800042033937,1.0233749129980203,0.20147913320120198,1.1514962260218427,0.08959092174992886,89532.21245488734,18349.235604331112,100533.80464103397,22670.985596004284,5717.972339863721,1023.3752786252538,39.07692307692308,3.304112553063774,73.03846153846153,4.300990666120908,5729.594023233381,976.7716121152388,190066.0170959213,34579.22099653677,1.1541886795495442,0.2930532599091621,-31.8711821732632,2086.3398218650336,19.53,87076592.49105881,0.013415800960767279,0.26201059276378497,727.3913043478261,82.48655110579796,35.16636131111512,36.449573777637355,0.5238095238095238,0.14285714285714285,25.75393768188563,41.109885377326975,3326.1342863407885
0.9555914881690473,34.30769230769231,1.1357556200179537,1.012024158712315,0.15784591530810999,1.138421790627673,0.0920401983665881,92345.27135140712,15046.260609725012,103456.76443495651,22519.524707385157,5859.578830263117,876.2946862754026,39.07692307692308,3.689101171779015,73.38461538461539,4.385964704661056,5866.708367333845,957.7662402600605,195802.03578636365,32730.549237510666,1.132371467777854,0.22890613487260647,-23.515000499703646,2111.055001287274,19.08,89142123.47417027,0.013616765641881318,0.2598078884470955,727.6923076923077,82.45243128964059,32.022551225382536,34.87119154832539,0.48,0.12,24.65116630100896,38.11981112230227,2952.147715564031
0.7522911624114078,34.5,1.4478100172860549,1.0011880334062675,0.21066325140088824,1.1132234721035625,0.09920959801275546,93927.51377720035,14631.604360643842,103297.40207449472,26843.014432058666,5934.292597412772,818.5999583864768,38.38461538461539,3.5526471503863046,72.88461538461539,4.218338381190495,5867.13109874051,1214.8710385204788,197224.91585169503,32770.665201448195,1.119330374280362,0.292259218566825,45.10574734263083,2208.4119771144365,18.95,97582359.78211664,0.013305250711769212,0.2521345009880266,728.1481481481482,82.40081383519838,37.519085221123184,49.34182186153431,0.5,0.19230769230769232,34.86342754064288,40.55185153259828,4441.509984171023
0.8652832752966114,34.370370370370374,2.311775782863294,1.0061895033399806,0.1885470717616947,1.0949058915038303,0.09366598154640081,91485.27163303514,16335.137125634767,99955.34039423497,26306.308729304692,5785.893874319807,816.0732990941348,37.592592592592595,3.6235777210770395,71.96296296296296,5.160257540812972,5774.334918370158,1162.871222206469,191440.61202727005,37132.81130854209,1.1043936295270143,0.25632707578513947,-17.08279887893663,2120.6383054974676,19.43,89947972.89521417,0.01352470071868084,0.2627849349639687,718.0769230769231,83.55650776647028,38.33247576435485,47.24404724407086,0.48,0.2,33.36345305869882,42.75885873126177,4481.743225845909
0.9042832439562403,33.888888888888886,2.114033065604494,1.0323310919435202,0.2581912529558558,1.0979704932981358,0.1051581558924328,84931.33206764019,15964.340777198686,93507.72430337494,26286.896785184857,5406.912535357352,775.5410176895775,37.111111111111114,3.1190375216929334,71.0,4.18108616049484,5477.078707888823,1206.9330909027378,178439.05637101512,31907.499379821817,1.1453862333516842,0.40687085337395495,39.82526211553805,2043.619388978426,19.17,83559325.17022252,0.013587350645850291,0.26046951188095013,713.3333333333334,84.11214953271028,35.90109871423003,51.81327421245819,0.5384615384615384,0.19230769230769232,36.63347969166355,32.71718510482575,3765.338081312364
0.880634653591357,34.0,2.775554665954844,1.030525694830404,0.2673778155129354,1.0850849974344985,0.09899244969123872,88336.5249130254,27740.315517923926,94496.2450729543,29848.372410152562,5532.626668546045,1280.4422285391145,36.74074074074074,2.9513661945387457,70.74074074074075,4.926065160939477,5536.169191251113,1440.8161797647742,182832.76998597968,46749.619548762756,1.1316897862067128,0.38076695465639043,-16.15099669054411,2088.61132830669,19.1,87251162.7085027,0.013610691695810084,0.2599642113899726,706.2962962962963,84.95018353434715,32.33483938624762,53.78017936291857,0.5769230769230769,0.23076923076923078,38.02832952094854,26.91208566851677,3215.1739745445207
0.9071673328110567,33.851851851851855,2.889363683680309,1.0237307380551455,0.2709293397024997,1.084540748199545,0.09749172300429722,87013.69215338727,28786.27979217161,91934.06331173674,30561.968797414105,5444.174838793082,1349.637417875146,36.55555555555556,2.935521069693979,70.4074074074074,5.027769251749132,5404.597268242531,1472.0163003666016,178947.755465124,48690.23786327253,1.1204699723112752,0.38848697424747963,37.38756101119802,2084.8079664955676,19.01,86956441.737635,0.01339634168799793,0.2546644554888407,704.4444444444445,85.17350157728707,32.69764215458258,53.815925581131154,0.5384615384615384,0.23076923076923078,38.0526340557376,27.62946930298331,3302.989100167629
0.9671616786460291,33.22222222222222,2.4241582476968255,1.0334816226109076,0.2272442281871476,1.1170687120491958,0.0815064688073767,88410.35932383343,27247.797690495976,96829.468133219,24748.622632672188,5628.953236280845,1345.0812605185456,36.96296296296296,1.9144959975289013,70.18518518518519,3.742023982315582,5660.4170016081125,1275.5812707253474,185239.82745705248,42940.36927424708,1.154848347306497,0.33839006377699327,14.882431163028269,2093.5750483632264,18.95,87665559.39772816,0.013947160380894765,0.2642986892179558,702.5925925925926,85.39799683711122,27.29707521879745,40.28742884668769,0.34615384615384615,0.15384615384615385,28.48232089472864,26.977966025769515,2413.9843554509853
0.9424118296239257,35.629629629629626,13.856802442731869,1.024504218203029,0.228104753035474,1.079265704983292,0.1941884221349793,97232.82327422223,40038.76058528848,97203.60288197208,26590.99181619557,5775.966291823208,1428.2146062171978,35.925925925925924,3.516373615234939,71.55555555555556,11.327885400829272,5751.835645179745,1346.2629065357237,194436.42615619433,49206.88514878009,1.1063789661906216,0.3778919405189805,-71.69367251582453,2211.6522816265187,19.57,97930915.95005184,0.013619734992664995,0.266538213806454,696.2962962962963,86.17021276595744,26.825657721824914,39.564941746255805,0.46153846153846156,0.19230769230769232,27.91179047172141,24.112961478064097,2114.404728352694
0.19064367197422655,32.592592592592595,2.2813131251014065,1.040040120108432,0.268036707553084,1.1117048799184006,0.08935548511337282,89396.79295660528,30423.772357582464,97390.2234677428,29066.599503272475,5707.328076399326,1512.591439073982,36.074074074074076,1.741134707191579,68.66666666666667,3.0550504633038935,5751.933711625227,1512.8008546675264,186787.01642434802,48664.27208620157,1.1614164217579297,0.412183630125004,36.114799329873655,2144.453843216064,19.13,91999731.28829566,0.014003265408177108,0.26788246725842807,684.8,87.61682242990655,24.514485513671296,43.06003560921271,0.375,0.16666666666666666,30.446617673852995,17.96746674161695,1718.6038329133676
0.8278700757652179,32.642857142857146,1.7971065179155892,1.014280667190008,0.22122132924524068,1.1104858706892127,0.08048162010946287,83467.83758130031,21865.66499917054,90788.41427336578,25737.956712188865,5407.575944708701,1232.3374874726326,36.142857142857146,1.746717037233926,68.78571428571429,2.5122150564384245,5399.142291069555,1375.5896176744939,174256.2518546661,40159.24109649139,1.125965347242652,0.34348787146823356,-28.09867776870529,2016.8583227716065,19.26,81370140.59650895,0.014166606527616869,0.27284884172190094,689.2857142857143,87.04663212435233,29.390058016344263,42.51361437713109,0.4444444444444444,0.18518518518518517,30.043407097293695,25.70274307095921,2425.931480972315
0.8089456118734022,32.75,2.0809510188510307,1.0307185224875497,0.22748355311392013,1.119100537230316,0.09791963019154835,82798.04833890272,22442.934130527457,92127.25077529124,28927.825885527556,5347.07036807149,1246.3640369460525,36.5,2.1128856368212916,69.25,2.9108786106112854,5443.479177097045,1521.9229578747913,174925.29911419397,43777.48554693537,1.1485270753415389,0.3574788151959211,-71.00233816303418,2078.6693867450367,19.39,86518155.02831207,0.013640231430599574,0.2644840874393258,690.3703703703703,86.9098712446352,27.68626902374927,43.32347027793453,0.46153846153846156,0.19230769230769232,30.62949037240699,25.41373621027968,2445.4464732842202
0.7763761919691499,32.888888888888886,1.9499920860871383,1.0088545844080044,0.22114452290896452,1.1274728774926435,0.09890124102369593,82246.45786579791,22101.07293735831,89940.35698051567,25587.26102500208,5303.226859137713,1234.5717542295251,36.96296296296296,2.617342184304408,69.85185185185185,3.2852499054128423,5250.270769314074,1304.9938569645897,172186.81484631356,40807.97609521173,1.1285835758975504,0.31288567361303193,32.56282074224776,2019.750130641049,18.86,81609018.55038454,0.013769484477763758,0.25969247725062444,702.9629629629629,85.35300316122235,35.98506015256628,40.0480480653696,0.4230769230769231,0.15384615384615385,28.159782896554173,37.928030570523696,3355.362660470849
0.44891326470394277,33.03846153846154,1.3439542468966268,1.0251329125583324,0.17402254437297132,1.1568417489373373,0.07302141325379849,77884.12902145903,16817.8419276473,90162.27634875962,23312.480717202077,5073.216243868247,1010.7461293589729,38.19230769230769,2.496447179635503,71.23076923076923,3.214243448580951,5137.332431635912,1087.5375774472132,168046.40537021862,36188.28074094924,1.1752601348211396,0.2539328346831616,80.40198109745799,1957.6876397484068,19.14,76780107.46776167,0.013373531570708974,0.2559693942633698,715.8333333333334,83.81839348079161,27.82634642844,32.63766828841098,0.34782608695652173,0.13043478260869565,23.027065524983232,32.07682177638711,2320.4905312038927
0.9818315516672679,32.851851851851855,1.5800540005704846,1.019339589376017,0.16567393520720505,1.1758243332744687,0.08248314313366314,80331.1237937386,16236.604509818575,92852.01006994156,22277.071980998127,5236.161051516184,934.2392092755194,38.55555555555556,2.2825153982415705,71.4074074074074,3.0216411932401686,5279.261101108259,1006.5559436675281,173183.13386368018,34254.108012881166,1.174146173604932,0.2594229967359737,23.649765141972935,1912.8014490537719,19.28,73187373.89786959,0.013858011827843617,0.26718246804082496,716.6666666666666,83.72093023255815,26.10520027660162,34.64101615137755,0.38461538461538464,0.11538461538461539,24.47072880090287,27.612063224303963,2122.734291718439
0.9628962824334484,32.5,1.742330131092924,1.0047184349347098,0.1737835018349633,1.1714827944188764,0.08739403468335391,83787.26008449217,14369.243132415802,95437.94659211118,22669.744733195723,5499.34018710129,814.5558920579583,38.0,2.6186146828319083,70.5,3.5203490086718876,5484.563476404344,1034.2657154030142,179225.20667660332,31923.51283847583,1.1544326998461805,0.27588870135394367,5.16617719529895,1987.5131201857755,19.74,79004701.8459482,0.014089024440027407,0.278117342446141,708.1481481481482,84.72803347280335,31.62711413364325,34.529808749943754,0.38461538461538464,0.11538461538461539,24.39201537801219,37.73937406780333,2891.9597931900175
0.9567134329339151,32.55555555555556,1.547598697464902,1.003220775704857,0.18853795363646034,1.1680440329735662,0.07949701882459437,84358.37686848399,13469.794348540505,96310.6742169991,23210.132163232785,5537.307867843708,758.9505986831363,38.0,2.788866755113585,70.55555555555556,3.7646831880216483,5507.184895351725,1048.9199733847547,180669.05108548314,30776.525160748275,1.158022840956536,0.2894889277531091,-26.941846613238326,2063.3764131365774,19.05,85164961.70774598,0.013792860860944904,0.2627539994010004,706.2962962962963,84.95018353434715,32.33483938624762,36.84687649845381,0.46153846153846156,0.15384615384615385,26.041898421059493,38.04485829390814,3112.5653903237494
0.937476347596593,32.67857142857143,1.5596146829212894,1.0052521542745945,0.1784176077237605,1.1445410306852992,0.0753846759838246,81449.41276157102,15259.44519099267,91700.02506522721,23837.736330741824,5337.409834901363,863.4215094898838,37.357142857142854,2.3936565828737195,70.03571428571429,3.3002396326104955,5322.614384700291,1093.6027404338888,173149.43782679824,34273.819995166596,1.1395733143959677,0.27264505351240653,11.665384357662335,1936.2148271508493,19.61,74981278.7614201,0.014102665165989549,0.276553263905055,701.4814814814815,85.53326293558605,26.76422483724395,32.28479041758971,0.38461538461538464,0.07692307692307693,22.814209731666647,30.756006773681165,2204.373849193546
0.956713432933915,32.5,1.6366341767699428,1.0185746638812851,0.13815697288035603,1.1424013451771593,0.06784425930105159,78914.31424443134,14655.922669213116,89874.34946469536,20392.15145650086,5198.099298251959,830.6832989316415,37.07142857142857,1.9807749462660065,69.57142857142857,3.0405423791132518,5263.899502408275,961.6145116707465,168788.66370912667,32161.688227535637,1.148252314594593,0.2004848803189705,0.9222135258710769,1895.1150122088075,19.48,71829235.19953951,0.014294869016299715,0.27846404843751843,695.5555555555555,86.26198083067092,20.78698548207745,21.75033156245953,0.23076923076923078,0.0,15.377402155156771,25.0753302939186,1211.3775124167266
0.9724347495570991,33.0,1.4142135623730951,1.0044199081952259,0.1408725942439015,1.1216276955576976,0.04273518953561908,79923.61836127388,14124.322220599533,88950.72889062583,20558.9230453584,5228.3878363954855,843.4330241223441,37.0,1.8459164139817945,70.0,2.9938207967349957,5214.478547446435,978.3161321437668,168874.34725189977,31746.331196318453,1.119459488293047,0.1883746054586438,26.8668612799469,1913.4246968397042,18.9,73238317.974223,0.014087037014751202,0.2662449995787977,701.4285714285714,85.5397148676171,20.995626366712955,23.013683530231088,0.2962962962962963,0.0,16.25415426480866,24.872790207971562,1270.1024585933187
0.9771978857434377,36.5,15.96450389505996,0.9741008063371545,0.17600877116378602,1.0855456968180255,0.19204924702345236,103632.51391338589,129556.65470647506,83438.49258350651,22081.441607851502,5123.099475044533,887.7293540875669,36.69230769230769,3.9493838932287497,73.1923076923077,12.928856308420595,4911.116019368623,961.5067661100042,187071.00649689243,124172.86998224058,1.0641930916169622,0.2960968041881584,45.745799113234796,2004.891551915356,19.21,80433656.26156147,0.013151822490591979,0.2526465100442719,705.5555555555555,85.03937007874016,20.427529234278037,27.456258919345764,0.2692307692307692,0.07692307692307693,19.406885863912095,20.733587649143924,1264.0963618202686
0.31634481836747086,33.57692307692308,3.21263224119409,1.0147506108015594,0.17474635618123363,1.1015679209524087,0.0965447793580436,87715.96302463606,42233.28859330371,94005.45873363518,43022.93122471793,5448.172227062298,1790.8251061451472,36.76923076923077,2.469937593538819,70.34615384615384,4.714481027742793,5476.7920521607075,2171.213017001632,181721.42175827126,80430.58271774546,1.1164594526370075,0.25266710929487823,-33.0361285465163,2228.325215797109,19.28,99330493.06293154,0.013277547483535799,0.2559911154825702,700.8695652173913,85.60794044665013,22.825051736359455,24.397501823713327,0.23809523809523808,0.047619047619047616,17.169291787923758,24.844185639515395,1340.068565234235
0.5733325956292122,33.32,3.331306050185122,1.0278448332423855,0.17149677843313305,1.1004016014030245,0.10382118980517556,86808.45564636088,43952.24379087452,93379.25146065949,43457.305973969254,5391.878941361243,1896.939069793723,36.44,2.786826151736057,69.76,5.06185736661949,5474.546422210731,2207.1457276225447,180187.70710702037,83268.79154285317,1.1229227594131117,0.24123486641926606,12.93709119572133,2145.085413006002,19.0,92031175.9483947,0.01350147141672808,0.25652795691783353,691.5,86.76789587852494,28.85740806101615,25.495097567963924,0.2777777777777778,0.05555555555555555,18.02347577500926,37.50102879247216,2123.398968478113
0.5709120771981889,38.34782608695652,16.393553069137386,1.095672851909566,0.4882921931888656,1.0053477074241655,0.26800178682358533,105028.08026128965,90504.83628040794,86531.58086853893,49104.43479634187,5156.060775650795,2278.505070384938,34.43478260869565,5.546844672632021,72.78260869565217,12.635204517328043,5140.585564124929,2488.929259211781,191559.66112982854,109711.25472416796,1.0394827241221372,0.36449773564540056,47.2623003367262,2149.2385672280247,19.24,92429202.87786986,0.013063440122133828,0.2513405879498548,673.3333333333334,89.10891089108911,43.84315479321968,56.0357029044876,0.4,0.26666666666666666,38.98717737923585,43.50223493620119,5328.233345764156
0.4940035101178417,37.24,16.46397278909316,1.0093828866206631,0.22364158713920912,1.0078128673680578,0.26529794958724817,102263.81256427222,92790.35735811516,81517.73826258429,48163.28812037144,4949.537779037523,2094.9200058045676,33.48,5.2392365856105405,70.72,13.222768242694114,4908.707539957815,2437.698760800197,183781.55082685652,110873.84912087418,1.0680827897551588,0.3928240680108474,-31.223159887963078,2080.5035330951746,19.56,86589396.73869783,0.013344370149732339,0.26101588012876453,653.8095238095239,91.76984705025491,41.68774976807483,64.59274125025368,0.7777777777777778,0.2777777777777778,45.591110786161465,37.967253596737955,5438.00032643571
0.39863346240055064,36.92307692307692,15.995006617266231,1.0215126701101325,0.23064437818867092,0.986663167271806,0.24091115377948175,95130.55577917061,86400.60524751643,79843.43877705139,55082.31773788598,4716.186262652398,1649.3973211061316,32.76923076923077,4.814303147175031,69.6923076923077,12.645367746482778,4845.451220452996,2631.2156130899666,174973.994556222,106184.59820459322,1.0625180593900811,0.3671276072454676,-52.85501473080468,2049.437368862599,19.6,84059743.62945296,0.013401303798000148,0.2626655544408029,651.304347826087,92.12283044058745,38.36941125723514,61.913918736689034,0.7142857142857143,0.3333333333333333,43.778456893566485,32.79842925280488,4510.901745576154
0.8935991231452853,39.15384615384615,18.940579772809954,0.980400755315515,0.25428603446589937,0.9599364988419242,0.29084408639830567,92587.16308981107,95905.91035331444,61440.02962783122,23848.58742806768,4035.0150541946564,1099.4097464528284,32.30769230769231,5.816218906374132,71.46153846153847,14.457446229514046,3833.628232810547,1196.7740006099566,154027.19271764226,89018.84250445398,1.0160355250748885,0.4169521796795518,19.90004697193579,1557.9014922238202,19.12,48549061.42685383,0.014014467231600393,0.26795661346819954,660.0,90.9090909090909,44.41186545399155,71.53920004345271,0.7142857142857143,0.39285714285714285,50.58017983199283,38.268486262410825,6080.951302697725
0.38742269167074433,39.8,19.09135930205076,0.9684941479747421,0.24200468328005004,0.9485425275629932,0.28417474605139376,99359.08299805004,95930.02416490465,66071.70854007246,23432.860634867717,4354.51837806467,942.6276755884171,32.44,5.699684201778201,72.24,14.370191369637359,4122.7701369882625,1135.0872892467949,165430.7915381225,86212.40134555433,0.9895270939169418,0.39872074262875673,2.7143442313049384,1626.0313590995524,19.25,52879706.96879486,0.013899260278228609,0.2675607603559007,663.3333333333334,90.45226130653266,46.50766563656967,67.22522420364821,0.6538461538461539,0.23076923076923078,47.47235258921796,45.159972065127285,6735.1037773206535
0.9248091838645596,35.44444444444444,10.982590038356948,0.9932599276270694,0.23409409268320144,1.0323404265193064,0.174896695107408,77141.90316182571,49804.886850930234,71937.83917654505,23455.874402673988,4408.129012355563,898.7687101558748,34.81481481481482,4.286387039756832,70.25925925925925,9.0823091883091,4325.019242654243,1146.7016165828995,149079.7423383708,50561.764472161,1.0597076876968314,0.34726028660315966,27.05612447632336,1615.111915646049,19.16,52186370.67867057,0.014077753888139116,0.26972976449674546,681.4285714285714,88.0503144654088,43.810817786273304,52.8800179301813,0.5925925925925926,0.14814814814814814,37.280680095293675,48.534065928536805,5684.344295109148
0.778935780016173,35.888888888888886,11.026343315604691,1.0263667339287594,0.25732276939736126,1.0422271205743316,0.18444200092708413,77147.68360426459,50719.58765966895,73854.98330738199,23685.164774567475,4371.5526953172775,1021.1897543983142,35.55555555555556,4.5973690812393775,71.44444444444444,9.266959760885797,4372.169957712417,1145.1466558617285,151002.66691164658,52065.10172326803,1.1166173125915597,0.3959769446534571,11.909523514128647,1633.527582940048,19.48,53371084.019525774,0.013891717891499905,0.27061066452641813,697.7777777777778,85.9872611464968,37.745083892140066,53.74440936936175,0.6153846153846154,0.15384615384615385,38.002063164172114,38.88706908487493,4642.6106124133175
0.5053912031015564,37.125,11.511995555361661,1.0144247432730662,0.24105840763557293,1.0257748640444933,0.19976645873085752,82148.63308811405,50276.3184989136,78675.05177014327,27907.253813717973,4543.726002233269,809.6974585852865,36.083333333333336,5.155229276073848,73.20833333333333,9.797870375183011,4597.845050723629,1300.296082545077,160823.6848582573,53002.1908732275,1.0765216610356916,0.370185750784546,44.188346301902186,1711.5808333967277,19.32,58629231.18399868,0.013157637499977379,0.25420555649956295,702.5,85.40925266903915,39.607448794387146,59.16079783099616,0.5555555555555556,0.2222222222222222,41.803479092026905,39.86086914367134,5234.908126213076
0.41512093921752236,34.24,3.373781261433527,1.0621906512899895,0.2331028714752863,1.0782187493551172,0.1070589007887174,71833.6706023616,15615.435262366915,81684.71629586502,23358.82332948487,4545.701002080113,838.5488670879574,36.76,3.7765592806150945,71.0,6.125357132445422,4763.41964210861,1078.9042988084686,153518.3868982266,34355.9280182312,1.1661837500848045,0.3634792587007024,40.617265032503994,1745.7764603733442,19.32,60987704.23624806,0.013428864984306461,0.2594456714968008,701.5,85.53100498930863,29.878922336657325,35.56270352986316,0.47058823529411764,0.11764705882352941,24.977498524190757,34.395420955397,2698.978616254166
0.41512093921752236,33.53846153846154,3.2490326279912116,1.0252371364658213,0.15853860675607936,1.0771289396633614,0.09669754105650892,77195.65129122761,19069.686969899267,84846.01258218156,25888.499842237397,4909.766581467413,954.4792305957449,36.0,3.668996928526714,69.53846153846153,6.115747449323372,5023.683816966468,1219.2045487944588,162041.66387340918,42078.46539501057,1.103708757862175,0.22576894517437096,-3.4820796009376718,1811.896695099226,19.68,65659635.171796896,0.013842588309493682,0.27242213793083564,687.5,87.27272727272727,31.76082492631449,26.678918753996626,0.4117647058823529,0.0,18.7498558241285,40.73715221924893,2399.5978885665836
0.42804825271070124,32.65,2.535251466817444,1.048662926150947,0.14178167351753188,1.0950550211134888,0.08714442220415677,76499.3453067319,21596.11936125298,86195.92379469573,26655.30736831469,4921.329439611468,1079.0720307394583,35.7,3.536947836765479,68.35,5.452293095569973,5135.453412085679,1249.8965461233959,162695.26910142758,45570.190701014886,1.1370002764828007,0.2086999107046539,31.823465677376245,1859.1213728869964,15.32,55317520.19348719,0.013763692979976263,0.21085977645323634,673.3333333333334,89.10891089108911,19.550504398153574,26.74667484725186,0.46153846153846156,0.0,18.90493188837616,20.640627484613447,1225.8797909426441
0.4403326296363739,32.0,2.160246899469287,1.0510846558374687,0.14920089696174058,1.1118408547844032,0.08097687412651353,78390.09677083994,22855.975586089808,90040.13661759887,28693.528267910096,5106.718101642215,1107.5836935746634,35.53333333333333,3.1594654962860758,67.53333333333333,4.730985333122711,5357.377480365904,1347.4927635252072,168430.23338843876,48588.02341718513,1.158537364701354,0.22547440014085565,56.256830995124304,1952.6643121844922,10.65,45792752.965350606,0.013663033803455602,0.14551131000680217,668.3333333333334,89.77556109725685,18.633899812498246,28.762349126466134,0.5454545454545454,0.0,20.327890704543538,17.439387357500795,1113.7133200845178
0.9122066329329884,31.727272727272727,2.1358800226310417,1.0188445197917044,0.13081411492992667,1.0925197725051097,0.07373922424630883,74459.18454980566,25328.491942052635,81123.56231411202,26244.206061536763,4915.891293513601,1239.6706215616766,34.54545454545455,1.5587661999529316,66.27272727272727,3.0775110690565017,4979.35468434343,1342.9357977268546,155582.74686391765,49585.47921711347,1.1121280148181312,0.20618242570287282,123.03151053050487,1971.7489042409136,7.29,31223443.95166929,0.013916994303587707,0.10145488847315438,669.0909090909091,89.67391304347825,16.211413181933644,20.493901531919196,0.3,0.0,14.212670403551895,16.970562748477143,757.7427700993092
0.8277293767706428,31.4,3.006659275674582,1.013829606522919,0.19335436801029288,1.0897849462365592,0.10100661131885917,87354.99022174589,31261.627098338602,94475.18581767779,33162.606503151816,5729.0276308933435,1345.4925689027648,34.0,2.1908902300206643,65.4,4.409081537009721,5763.784401116983,1633.776296082821,181830.17603942368,60768.462329625654,1.118827676530762,0.28301420302335717,133.99172586736233,2137.032242765427,3.27,18339442.35687978,0.014068782324792526,0.04600491820207156,664.0,90.36144578313252,18.547236990991408,25.98076211353316,0.5,0.0,18.28592354790974,16.863421954040064,968.7517038967233
